<?xml version="1.0" encoding="UTF-8"?>
<!DOCTYPE mapper
 PUBLIC "-//mybatis.org//DTD Mapper 3.0//EN"
 "http://mybatis.org/dtd/mybatis-3-mapper.dtd">
<mapper namespace="mybatis.noticeMapper">

	<insert id="noticeWrite" parameterType="noticeDTO">
		insert into notice values
		(seq_notice.nextval, #{notice_subject}, #{notice_content}, sysdate, sysdate)
	</insert>
	
	<delete id="noticeDelete" parameterType="int">
		delete from notice where seq=#{seq}
	</delete>
	
	<update id="noticeModify" parameterType="noticeDTO">
		update notice set
		notice_subject=#{notice_subject}, notice_content=#{notice_content}, modify_date=sysdate
		where seq=#{seq}
	</update>
	
	<select id="noticeList" resultType="noticeDTO">
 		select * from notice order by seq desc
 	</select>
 	
 	<select id="noticeSelect" parameterType="int" resultType="noticeDTO">
 		select * from notice where seq=#{seq}
 	</select>
	
</mapper>