<?xml version="1.0" encoding="UTF-8"?>
<!DOCTYPE mapper
PUBLIC "-//mybatis.org//DTD Mapper 3.0//EN"
"http://mybatis.org/dtd/mybatis-3-mapper.dtd">
<mapper namespace="mybatis.reviewfilesMapper">
   <select id="getReviewFirstSeq" resultType="int">
      select max(seq) as seq from review
   </select>
   <insert id="filesWrite" parameterType="reviewfilesDTO">
      insert into reviewfiles values 
      (seq_reviewfiles.nextval, #{review_seq}, #{dir}, #{filename}, 
      #{originname}, #{filesize}, #{filetype}, sysdate)
   </insert>
   <select id="checkFiles" parameterType="int" resultType="String">
      select filename from reviewfiles where review_seq=#{review_seq}
   </select>
   <delete id="filesDelete" parameterType="int">
      delete from reviewfiles where review_seq=#{review_seq}
   </delete>
</mapper>